name,email
Donna Mayo,robertrobinson@example.com
Stephanie Glass,waltonmark@example.com
Shawn Green,michelle75@example.org
Jared Boyd,cynthiatownsend@example.com
Alex Greene,yharris@example.net
Sarah Clarke,kristinnash@example.net
Dr. Corey Manning,uprice@example.com
Ryan Gordon,gclark@example.org
Kristi Green,xhernandez@example.org
Jose Freeman,sue13@example.com
Patrick Lin,qgrant@example.org
Elizabeth Chambers,haroldvargas@example.org
Katelyn Weber,williamschristopher@example.net
Melissa Larson,hwilliamson@example.com
Austin Garcia,jasonbaker@example.net
Roger Mata,cmay@example.org
Matthew Gray,romerobenjamin@example.net
Dustin Smith,evansamanda@example.net
Andrew Thomas,plewis@example.com
Lisa Adams,sergio46@example.net
Edward Bonilla,mzimmerman@example.org
Dr. Francisco Fletcher Jr.,nmartinez@example.net
Benjamin Warren,susan63@example.net
Roberto Phillips,cmoore@example.net
Erik Wright,martinkevin@example.net
James Walker,tiffanypalmer@example.net
Kyle Newman,jacksonpatrick@example.net
Sarah Nelson,martinezmichael@example.com
Riley Gallagher,kyliemiller@example.net
Andrew Franco,wilsoncameron@example.org
Susan Moss,andrew71@example.com
David Jackson,stewartbarry@example.com
Nancy Rivera,hayley41@example.net
Shannon Horne,gregory43@example.com
Jean Sawyer,henrycrystal@example.org
Julie Welch,martinezsamantha@example.org
Christopher Shannon,pmiller@example.com
Dr. Gene Mcknight,jeffreygallegos@example.com
Pamela Ferguson,stantondavid@example.com
Nicholas Pollard,briley@example.com
Melissa Moss,michellereyes@example.com
Ivan Alvarez,fjohnson@example.net
Richard Patel,bsparks@example.org
Daniel Jackson,robinfranklin@example.com
Joyce Mcfarland DDS,isabella87@example.org
Erin Livingston,nmiranda@example.com
Meghan Harris,raymond39@example.net
Michelle Williamson,rebeccagolden@example.net
Beverly Carter,crose@example.com
Heather Baker,robert48@example.net
Troy Horn,ricerichard@example.com
Sabrina Avila,nmartin@example.com
Aaron Petty,colleen86@example.org
Hunter Sellers,gregorykoch@example.org
James Smith,katelyn87@example.net
Kathy Perkins,christina42@example.com
Susan Valdez,ssilva@example.org
Christina Hughes,pbradley@example.net
Janice King,erica42@example.net
Karen Maldonado,navarrodaniel@example.com
David Leblanc,villajeffery@example.org
Alyssa Price,alexander99@example.org
Leroy Brown,scottperez@example.com
Jenna Williams,emilyfranklin@example.org
Garrett Vincent,shannonprice@example.net
Sara Vargas,atate@example.com
Ryan Arroyo,sosborne@example.net
Trevor Conner,kathryn20@example.com
Stuart Norton,sweeneykaren@example.org
Ryan Daniel,peggyconley@example.org
Mrs. Robyn Howell MD,michael57@example.com
Katelyn Green,anthonypadilla@example.com
Christopher Nelson,johnsonernest@example.org
Michael Anderson,otran@example.org
Barbara Hodges,lbishop@example.com
Paul Anderson,mthomas@example.org
Laura Rhodes,ybailey@example.com
Elizabeth Kaufman,nataliereed@example.net
Ryan Braun,shermanamy@example.org
Devin Davidson,petersendavid@example.org
John Hill,sarahhernandez@example.com
Sandra Young,rflores@example.net
Scott Smith,brandonbennett@example.org
Mark Guzman,phillipsdavid@example.org
Crystal Coleman,kayla43@example.net
Trevor Santos,brent69@example.org
Zachary Smith,williamgomez@example.org
Joshua Randolph,lisa004@example.net
Mrs. Wendy Davis MD,gtran@example.org
Tracey Simmons,jimmywalker@example.com
Robert Norman,burkeedward@example.net
Andrew Anderson,smithgeorge@example.org
Scott Montoya,danielsjay@example.org
Justin Wright,bethany84@example.org
Bradley Mcclain,nrichard@example.org
Rebecca Ray,brendaochoa@example.com
Cody Brown,cwest@example.org
Daniel Garrett,tracy96@example.com
Gregory Dominguez,charles06@example.com
Rebecca Collins,joseph61@example.net
Michael Anderson,vperkins@example.net
Benjamin Caldwell,zli@example.com
Larry Riley,andrea27@example.com
Andrew Berry,gomezkevin@example.net
Christian Rodgers,psanchez@example.org
Jared Garcia,taylorjames@example.com
Charles Marks,anne62@example.net
Joy Santiago,codyperez@example.com
Scott Mullins,matthew37@example.net
Robert Owens,christinaedwards@example.org
Tina Walker,walshpamela@example.net
Patricia Cantu,davidmay@example.com
Danielle Burke,ssmith@example.org
Susan Ellis,donald67@example.org
Jennifer Cantrell,amy27@example.net
Whitney Williams,lynnhurst@example.org
Logan Higgins,chenmary@example.com
Daniel Powell,carol72@example.com
Cameron Perez,ebrown@example.net
Jennifer Martin,vhansen@example.org
Randall Clark,marie71@example.org
Shelia Phillips,anthony36@example.net
Pamela Diaz,brodriguez@example.org
Christopher Johnson,joseph65@example.com
Charles Sanchez,brucelauren@example.net
Ryan Chase,usmith@example.org
Andrew Davis,hgreen@example.org
Matthew Jackson,lvargas@example.org
John Walker,victorjackson@example.org
Clarence Campos,morenoamanda@example.org
Robert Davis,vestrada@example.org
Maria Page,harryhess@example.net
Joshua Smith,qcarlson@example.com
Tyler Hernandez,snydermatthew@example.net
Craig Thomas,elizabethalexander@example.org
Brittany Gray,jamie15@example.net
Joshua Mcintyre,blankenshipdawn@example.com
Michelle Durham,moraleskatherine@example.net
Cameron Taylor,xrhodes@example.com
Michael Black,kristina88@example.com
David Carter,randy78@example.com
Derrick Contreras,lesliebowman@example.org
Tyler Conrad,katelynlewis@example.net
Christopher Gonzales,mgriffin@example.org
James Nelson,vserrano@example.com
Michelle Baird,johnsonjonathan@example.net
Brandon Freeman,omarandersen@example.org
Donna Andersen,jacksontammy@example.com
Gabriel Phelps,james42@example.net
Timothy Underwood,christian06@example.org
Karen Quinn,tyler76@example.org
James Mitchell,rchandler@example.com
Ruth Ramirez,leethomas@example.net
Jackson Scott,rogersbryce@example.net
Erin Pope,emarshall@example.org
Robert Humphrey,laura25@example.net
Kimberly Estes,lopezsarah@example.org
Greg Miller,ldavis@example.net
Alejandro Barrett,jeffrey88@example.org
Timothy Payne,morrisonamy@example.com
Jesse Peck,ocoonk@example.org
Dale Price,joshua80@example.org
Betty Blankenship,abooker@example.org
Patrick Valdez,megan75@example.org
Leah Bray,davismarcus@example.net
Kerry Henry,gcox@example.net
Janice Jones,cynthiaanderson@example.net
Ashley Gonzalez,terrimorris@example.com
Steven Garza,ilee@example.com
Tyler Jackson,jerryandrews@example.com
Haley Nelson,robertbird@example.net
Paul Moss,marthachambers@example.net
Christopher Andrews,nboyd@example.org
Shelly Jackson,davenportjustin@example.com
Jennifer Ford,carolsanders@example.org
Brenda Butler,caldwelldebra@example.net
Natalie Kelly,michael47@example.org
Brandy Bell,bakermaria@example.com
Monique Waters,jenniferroman@example.com
Brian Hardy,singhscott@example.net
Sarah Brown,michaeldodson@example.org
Karen Massey,albertsimmons@example.net
Terri Farmer,susan76@example.org
Laura Mason MD,arellanojaclyn@example.org
Juan Sanchez,alicia49@example.com
Sandra Bowers,georgewalker@example.net
Mary Young,meganstafford@example.com
Matthew Berger,gregorydavid@example.net
Daniel Howard,jerry93@example.net
Laura Ferguson,tonya03@example.net
Zachary Hess,michelle11@example.net
Kenneth Jensen,todd05@example.net
Amanda Erickson,robertgonzalez@example.com
Amber Duncan,lopezlisa@example.org
Daisy Warner,emartinez@example.net
Sheila Hayes,wwatts@example.com
Steven Ferguson,anthony28@example.com
Alexander Jones,victor97@example.org
Brian Allen,tonyahampton@example.com
Jennifer Ayers DDS,gosborne@example.net
Evelyn Ortega,jennifer60@example.com
Steven Douglas,hmurray@example.com
Destiny Walton,amyhenry@example.net
Thomas Lowe,colleenvaldez@example.net
Brenda Perry,johnsonellen@example.com
Rachael Fox,dbrown@example.com
Robert Black,sphillips@example.com
Thomas Jenkins,lewisnicole@example.org
Jade Perez,joshuaferguson@example.com
Brett Vaughn,johnmartinez@example.org
Barbara Reed,uallen@example.org
Christy Wilson,micheal71@example.org
Deborah Clayton,jcruz@example.com
Jason Sexton,dakotablanchard@example.com
Anthony Lee,allisonrhodes@example.com
Mary Mitchell,jennifercaldwell@example.net
Cheryl Daniels PhD,ebutler@example.com
Mark Miller,wjohnson@example.org
Stephanie Jones,michaelstrickland@example.com
Frank Johnson,sanchezdanielle@example.org
Beth Rodriguez,awilliams@example.com
Allen Smith,uochoa@example.net
Brandon Bryant,chadallen@example.net
Mary Chan,catherinecarney@example.net
Kim Smith,casey46@example.com
Andrea Ayala,grhodes@example.net
Brittney Dalton,maryallison@example.org
Maria Little,ogillespie@example.com
Yesenia Johnson,susan82@example.com
Justin Smith,leejessica@example.com
Bonnie Thompson,roynichols@example.org
Jessica Gonzales,robertcollins@example.com
Spencer Allen,reesesheryl@example.org
Angela Leonard,michaelsanders@example.net
Ana Sanders,emily52@example.org
Chelsea Hicks,hdavis@example.org
Matthew Blankenship,xfox@example.com
Victoria Fernandez,ronaldday@example.net
Kimberly Colon,hvega@example.com
Mark Cook,zdaugherty@example.com
Shannon Martinez,deleonrobert@example.net
Vanessa Pena,margaret87@example.com
Don Mercer,turnerrobert@example.org
Megan Lee,cyoung@example.com
Joseph Calderon,nbrown@example.com
Jeremiah Hodge,maureen47@example.com
Timothy Rivera,cklein@example.com
David Pruitt,shawn23@example.net
John Larsen,jacqueline98@example.com
Mary Hebert,freemanhannah@example.net
Sharon Olson,christopherharrison@example.net
Adam King,newmancrystal@example.org
Jose Lee,patrickrichardson@example.net
Mary Phelps,kathleen24@example.net
Austin Johnson,proberts@example.net
Jim Jones,joshua45@example.org
Laura Hudson,johnsonsarah@example.net
Charles Thomas,matthew87@example.org
Paul Johnson,santosamanda@example.net
Nathaniel Gibson,oalvarez@example.net
Angel Clark,tammymacdonald@example.com
Vanessa Wyatt,pcarrillo@example.net
Karen Evans,bhudson@example.com
Deborah Gonzalez,julia40@example.org
Courtney Reed,ehernandez@example.org
Corey Byrd,vanessa43@example.net
Isabella Hernandez,kevinjames@example.org
Stephanie Baker,audreyjones@example.com
Jacqueline Edwards,molinarebecca@example.org
Rhonda Torres,imcmahon@example.com
Cynthia Jenkins,bartonralph@example.org
Sarah Salinas,reynoldsjustin@example.com
Amanda Palmer,matthew67@example.org
Victoria Hubbard,curtisgallegos@example.com
Christopher Hawkins,jimmy96@example.org
Kathleen Ponce,smithamanda@example.net
Danielle Schroeder,adamperez@example.org
Ronald Johnson,lewislaura@example.com
Sara Cook,rebecca55@example.net
Molly Parsons,millershawn@example.net
Michael Ponce,cwalker@example.com
Amber Banks,tsmith@example.com
Kara Harris,bmartinez@example.net
John Brown,nicholas80@example.org
Daisy Archer,lindseyalexander@example.org
James Bryant,elizabethgarcia@example.org
Carrie Gonzalez,maryramos@example.net
Jeanne Saunders,whitegerald@example.org
Tim Morrison,dtaylor@example.org
Juan Waller,adrian92@example.net
Laura Moore,cherylstephens@example.net
Clayton Navarro,austin33@example.net
Madeline Moody,manuelware@example.org
Heather Ward,kevinharris@example.net
Joel Lewis Jr.,ijenkins@example.org
Michelle Woodward,trodriguez@example.com
Keith Wright,tiffany14@example.com
Teresa Davis,allison11@example.org
Susan Cox,christine43@example.com
Caleb Bailey,sarah71@example.org
Gail Lawson,nicole91@example.com
Eric Bailey,erin26@example.com
Elizabeth Willis,jacqueline49@example.org
Gregory Jacobson,xmitchell@example.com
Jesus Gonzalez,newtonstephen@example.org
Leroy King,vegamichael@example.net
Loretta White,annaguirre@example.com
Hailey Mann,brittany67@example.com
Jessica Berger,bentonbrian@example.com
Ronald Duncan,shawelizabeth@example.org
Carlos Saunders,joshua67@example.net
Samantha Ramos,tatestephanie@example.com
James Ross,martinmichael@example.net
Laura Bennett,alanking@example.net
Lisa Burns,gjackson@example.net
Cynthia Manning,townsendtrevor@example.org
Shannon Miller,jacqueline44@example.com
Shannon Perez,lisa04@example.net
Edward Young,harpercynthia@example.com
John Gonzalez,jonesandrew@example.com
Richard Gates,derrick96@example.org
Charles Goodwin,jacobgaines@example.net
Kevin Stone,emilykirby@example.com
Michael Bennett,cassandra23@example.net
Kathleen Buchanan,lclark@example.net
Jessica Lopez,candice37@example.com
Mary Dunn,uquinn@example.com
Kari Hensley,kingelizabeth@example.org
Diana Rios,wwalter@example.com
Anthony Wood,youngkeith@example.org
David Huynh,rhicks@example.net
Kristy Wilson,gcontreras@example.org
Peter Lopez,elizabeth70@example.net
Rhonda Green,russellgeorge@example.net
Katrina Anderson,jennifermcgee@example.org
Howard Kelley,dball@example.org
Samantha Thompson,upollard@example.org
Annette Meza,thomasmccarty@example.com
Elizabeth Miller,aelliott@example.com
Julie Smith,joshuamorton@example.org
Robert Williams,martinchristopher@example.net
Adam Rice,danieloliver@example.com
Lee Castillo,christophermelton@example.com
Emily Wright,billymann@example.net
Paul Fowler,williammurray@example.com
Barbara Lewis,danielgriffith@example.org
Jared Brock,natalieberg@example.org
Richard Foster,oweeks@example.org
Felicia King,heatheryoung@example.com
Travis Garrett Jr.,seanchandler@example.net
Karen Brooks,robin80@example.com
Angela Barr,david80@example.com
Joshua Fisher,shelia52@example.net
Nicolas Kidd,kedwards@example.com
Joyce Gentry,iturffner@example.org
Patricia Allen,fmarshall@example.com
Kevin Lee Jr.,freemanrobin@example.net
Jessica Patterson,zallen@example.org
Julie Wells,huffmanscott@example.com
Mr. Francisco Brown,claytonsarah@example.com
Keith Mcmillan,astevens@example.com
Timothy Yang,courtneychen@example.net
David Davis,wmcmahon@example.com
Anthony Walker,annlopez@example.com
Olivia Ross,gcross@example.net
Maurice Frederick,hdavis@example.com
Thomas Fox,amanda97@example.org
Ashley Gonzalez,frankmartin@example.com
Kevin Roberts,eric54@example.net
Pamela Rhodes,tinamartin@example.org
Heather Perez,jenniferross@example.net
Eric Carr,karen66@example.org
Thomas Boyd,leepaige@example.org
Christina Miranda,royflores@example.org
Kimberly Hartman,rossmark@example.net
Alison Martin,upowell@example.net
Mary Collins,jessica33@example.com
Samuel Jenkins,uanderson@example.net
Tara Bryant,riddlecarmen@example.net
Jose Mullins,qalvarado@example.com
Sharon Lewis,jwood@example.com
Richard Henderson,xmack@example.net
Kelly Reynolds MD,edwardsandrea@example.org
Matthew Green,danielcarson@example.com
Charles Bentley,carloscarson@example.org
Jacqueline Erickson,badams@example.com
Mark Chen,colemandonald@example.com
Eric Butler,deleonbrandon@example.com
Cynthia Martin,johnburns@example.org
Marcus Washington,angelafleming@example.net
Cindy Johnson,stephaniecarter@example.net
Heather Jackson,jameswarren@example.org
Jacob Smith,marthawong@example.net
Vicki Garcia,ddavis@example.net
Katherine Gregory,michaelbarnes@example.org
Mark Bailey,jonesstacey@example.com
Charles Frost,tiffanydavis@example.org
Michelle Smith,andersontiffany@example.net
Lisa Castillo,ccherry@example.org
Timothy Porter,lopezshawn@example.net
Daniel Mccoy,howard61@example.org
Tracy Romero,jarnold@example.org
Sarah Boyd,fross@example.net
Andrew Parks,codymedina@example.org
Connor Moore,usanchez@example.net
Robert Johnson,johnsonheather@example.net
Matthew Williams,pierceclayton@example.net
Alison Morris,dbaird@example.org
Larry Jackson,osbornjoseph@example.com
Michael Marshall,cjones@example.org
Mary Young,amandamckinney@example.org
Mercedes Charles,maryperez@example.net
Samantha Rodriguez,paulbrooks@example.org
Amanda Mccarthy,luis26@example.com
Mike Lopez,gibsonalex@example.com
Tamara Blackwell,jturner@example.org
Daniel Hodges,juliewatkins@example.net
Rhonda Keller DVM,mperez@example.org
Christopher Young,john97@example.net
Cassandra Hoover,schultznicholas@example.net
Sheila Carroll DVM,rarnold@example.org
Christian Taylor,hhuffman@example.com
Corey Jackson,luke27@example.net
Karen Weiss,susancruz@example.com
Jeremy Spencer,anthonygolden@example.com
Shawn Dickerson,michaelallen@example.org
Bryan Cruz,brettdyer@example.com
Carrie Johnson,phillip67@example.net
Zachary Gordon,franklove@example.org
Stephanie Garcia,matthewlewis@example.net
Luis Jackson,javierlittle@example.org
Angela Clarke,charlessutton@example.org
Corey Jones,omacdonald@example.net
April Scott,cjohnson@example.org
Maureen Mccoy,margaret23@example.com
Savannah Williams,john79@example.org
Douglas Bell,lfrazier@example.com
Courtney Gomez,wsnyder@example.net
Scott Mckenzie,cervanteslori@example.org
Beth Hill,mclark@example.net
Ashley Woods,elijah66@example.org
Brian Osborne,rileyvalerie@example.org
Maria Rojas,wagnershelby@example.org
Shawn Yang,itaylor@example.com
Karen Ward,cruzluke@example.com
Julie Parker,xgonzalez@example.com
Melissa Turner,vincentjohnson@example.com
Mr. Evan Wong,joanmiller@example.com
William Howe,dfleming@example.com
Michael Morgan,woodryan@example.com
Thomas Kirk,stephaniemcclure@example.net
Rita Williams,matthewmorris@example.org
Calvin Glass,kimberly03@example.net
Stephanie Charles,psharp@example.com
Audrey Cooley,hcooper@example.com
James Wright,don25@example.org
Michelle Dickerson,perezrodney@example.com
Wendy Meyer,monroethomas@example.net
Joshua Anderson,wrightscott@example.net
Samuel Zimmerman,michael34@example.net
Edward Reynolds,fuentesgeorge@example.org
Marie Hickman,brooke99@example.net
Debra Foster,annemonroe@example.com
Lisa Sampson,williamsjoseph@example.org
Phyllis Simon,knorris@example.org
Ashley Trevino,sanchezrachael@example.org
Tammy Coleman,adkinsalexander@example.org
Deborah Phillips,igarcia@example.net
Scott Miller,esingh@example.net
Margaret Bonilla,wdavis@example.com
Chelsea Robertson,kaitlynrobertson@example.com
Ryan Scott,christopher72@example.net
Jeremy Smith,sarahmorrow@example.com
Meghan Barton,wilsonangela@example.org
Bradley Morales,bakerbrandy@example.net
John Marks,joegarcia@example.com
Christina Reilly,fmiller@example.org
Linda Forbes,teresa02@example.org
Kelly Bruce,steven41@example.org
Spencer Wood,wpowell@example.net
Gregory Lucas,bwilliamson@example.com
Robin George,carrjacob@example.com
Diane Norman,hmayer@example.net
Sean Atkins,thomasrandy@example.com
Patricia Stokes,adrianaholland@example.org
Michele Gay,andrewmontoya@example.org
Marilyn Allen,robbinsashley@example.net
Kelly Erickson,amy24@example.com
Christine Hansen,bsanchez@example.com
Lindsey Jones,utucker@example.org
Jamie Richardson,ocook@example.org
Kyle Ortiz,josephcunningham@example.net
Rodney Banks,dprince@example.org
Christina Andrews,iturner@example.org
Brianna Jenkins,aliciahooper@example.net
Michael Hall,paul04@example.com
Katrina Harris,ashleygutierrez@example.org
Jennifer Thomas,howecourtney@example.com
Antonio Howard,natasharobinson@example.net
Aaron Anderson,pagetravis@example.org
Lisa Gordon,kathryn04@example.org
Vicki Howard,ebaker@example.com
Sheryl Lewis,escobarkelli@example.com
Robert Gibson,jsimmons@example.org
Paula Patrick,rachel92@example.org
Valerie Navarro,ioliver@example.org
Stephanie Carter,boyddennis@example.net
Lisa Ferguson,anna71@example.net
Patrick Wilson,hudsonkeith@example.net
Kelly Jones,nday@example.org
Monica Wiley,jlong@example.net
James West,amiller@example.com
Terri Knight,ryanshaffer@example.net
Crystal Whitaker,melissa34@example.org
David Cohen,wburke@example.net
Wanda Martin,karendavis@example.net
Lauren Adams,nhull@example.com
Erica Salazar,jennifergreen@example.org
Christine Morris,millerrobin@example.com
Michael Marks,thomas46@example.net
Jay Evans,wesleyjordan@example.org
William Mendez,shays@example.com
Mark Thornton,zray@example.net
Susan Orr,gardnerwayne@example.net
Candice Dunn,barberrachel@example.com
Joel Clayton,jennifermartinez@example.com
Michael Lynch,jason69@example.com
Jill Rivas,jcordova@example.net
Jody Jimenez,taylorchristopher@example.org
Melissa Rojas,washingtonedward@example.net
Amber Mitchell,kevinsnyder@example.net
Shannon Taylor,stephanie91@example.net
Michael King,alexandrayoung@example.org
Sandra Banks,jeanette23@example.org
John Hart,ronnie66@example.com
William Norton,fdavffis@example.com
Steven Hill,youngcourtney@example.org
Thomas Arroyo,idavis@example.org
Rhonda Rogers,gomezmicheal@example.com
Randy Short,april38@example.org
Jonathan Jones,lori13@example.org
Jodi Martinez,timothy46@example.org
Rebecca Diaz,cheryl10@example.net
Michelle Warner,thomaskyle@example.net
Kevin Garrett,smithkrystal@example.com
Jeffrey Williams,frankpatricia@example.org
Lisa Drake,fitzgeraldalyssa@example.org
Kathryn Reeves,vgraves@example.com
Shannon Newman,twatson@example.com
John Rodriguez,tracyknapp@example.com
Larry Anderson,jacob04@example.org
Lisa Jones,randallbriggs@example.org
Russell Jones,shannonjones@example.org
Sara Cruz,lisa12@example.com
Stephanie Johnson,nicole91@example.net
Mark Weaver,lmorton@example.org
Kara Mckee,robertleon@example.net
Monica Gibson,sgray@example.net
Danielle Floyd,paul16@example.org
Dr. Michael Rubio,mitchelldustin@example.net
Victor Ortega,suttonmarisa@example.net
Douglas Bennett,sullivantheresa@example.org
Tyler Stuart,wattsdanielle@example.net
Dylan Nichols,daniel77@example.com
Rhonda Fleming,francesdaniels@example.net
David Holloway,dboone@example.com
Rebecca White,georgebarrett@example.org
Jessica Fox MD,amy37@example.org
Laura Smith,william05@example.org
Karen Watts,rodneyrodriguez@example.com
Dylan Gamble,alexanderfrost@example.net
Andrew Moore,michael38@example.org
Eric Davis,sarahrodriguez@example.org
Leslie Oconnor,qtucker@example.com
Elijah Garcia,dhubbard@example.net
Javier Conner,monica64@example.net
April Nelson,newmancharlotte@example.com
Tammy Rice,dennis80@example.org
Barbara Ellis,jasminfuentes@example.org
Michael Rodriguez,katiedouglas@example.org
Christie Chen,lsmith@example.org
Jeffrey King,williamestrada@example.net
Tracey Brown,ntate@example.org
Scott Camacho,gary32@example.com
April Rodriguez,denisewhite@example.net
Virginia Carrillo,qwilliams@example.org
Sandra Harris,kimberlybruce@example.com
Brandon Black,perrydiane@example.org
Nicolas Nash,pdodson@example.org
Billy Jefferson,zhurley@example.com
James Salazar,mclayton@example.com
Diamond Taylor,ryanthomas@example.com
Joseph King,kenneth58@example.com
Amanda Maxwell,xavierwhite@example.com
Amy Rose,ashley53@example.com
Kyle James,pmcdonald@example.org
Kevin Perkins,sandra47@example.com
Michelle Trujillo,aaroncoleman@example.net
Nicholas Palmer,palmeralicia@example.org
Emma Brock,tina65@example.net
Angelica Young,leslie52@example.net
Rebecca Lee,wgomez@example.org
Terri Morris,edwardwaller@example.com
Michele Yu,jesus80@example.com
Brandon Brown,smithtimothy@example.net
Samuel Roy,moniquescott@example.com
Michele James,john84@example.org
Michael Pena,myerscourtney@example.org
Philip Carr,brownstephanie@example.com
David Carney,john99@example.net
Gary Green,harrisbarbara@example.org
Jason Hernandez,mmitchell@example.net
Paula Thomas,ksmith@example.com
Megan Aguirre,matthew75@example.net
Melissa Buck,phillipchen@example.com
Erica Brown,lisawatson@example.org
Rachel Jones,pamela59@example.org
Amy Andersen,kingsamuel@example.org
Andrea Cook,jeff98@example.net
Ryan Wilson,joseph63@example.com
Hannah Garcia,bondmichelle@example.org
Gavin Hernandez,jking@example.com
Adrienne Johnson,toddgilmore@example.com
Aaron Williams,dmorgan@example.org
Lawrence Page,zdaniels@example.org
Kyle Jones,tmartinez@example.net
Chelsea Mccarty,hansondaniel@example.com
Catherine Guerrero,smithjames@example.com
Emily Kent,ihenderson@example.com
Kimberly Perry,fcarrillo@example.org
Jillian Mckay,rosejohn@example.com
Sara Taylor DDS,deankline@example.com
Paige Higgins,noahhall@example.com
Joseph Hunter,ashley73@example.net
Donna Dean,joycepope@example.com
Jason Cox,jenniferyoung@example.org
Lori Long,josetaylor@example.org
Jack Owens,isalinas@example.net
Andrew Stewart,susan02@example.org
Zoe Reed,garciamatthew@example.net
Nathan Barnes,rachel76@example.net
Tina Woods MD,jshaw@example.org
Amber Potter,jeffreymay@example.com
Craig Jackson,renee32@example.org
Angela Thompson,adamdavis@example.org
John Torres,dunlapkevin@example.net
James Wilcox,aaron35@example.org
Travis Miller,abigail19@example.com
Ivan Navarro,christina72@example.com
Ashley Rodriguez,kball@example.org
Joseph Jones,kaufmanrichard@example.net
Jacob Ward,valeriearellano@example.org
Marcus Reed,shannon56@example.org
Heather Chavez,jonathanmarquez@example.net
Robert Stephens,david48@example.org
David Beck,brownmelissa@example.org
Teresa Shelton,allenjoseph@example.net
Rebecca Cook,jason01@example.net
Mr. Steven Hoffman,timothyalexander@example.org
Darlene Bolton,cclark@example.com
Jennifer Sullivan,julia95@example.org
Jade Marsh,itucker@example.org
Jessica Knight,jaustin@example.com
Stacey Vazquez,arthurjohnson@example.net
Heidi Smith,rbailey@example.com
Geoffrey Stanton,justinjohnson@example.net
Jennifer Friedman,francescisneros@example.net
Kristen Bates,christian39@example.org
Carol Sandoval,sdorsey@example.com
Christopher Summers,joseph14@example.com
Megan Owens,williamgoodman@example.net
Elizabeth Strong,uharris@example.org
Justin Johnson III,bryanterry@example.com
Kelly Smith,timothyhenry@example.com
Heather Cook,sbass@example.org
Debra Perez,kingsamantha@example.org
Daniel Anderson,oliviaandrews@example.net
Tyrone Clark,lisaestrada@example.com
Juan Payne,hwhite@example.org
Cindy Garcia,cookaaron@example.com
Jonathan Watkins,melissaweaver@example.com
Evelyn Martin,dayamanda@example.net
Anthony Williams,ydavila@example.net
Sarah Fisher,fosterdaniel@example.net
Samantha Hoffman,ntanner@example.org
Charles York,zwilliams@example.org
James Stanton,flynnmike@example.org
Scott Reyes,kara59@example.org
Brittany Lewis,mrodriguez@example.org
Marcus Barnes,karlmccarthy@example.org
Lindsay Scott,williamsemily@example.org
Deanna Walters,wendy42@example.org
Samuel Frank,akoch@example.net
Julia Martinez,emilystewart@example.org
Catherine Clark,lowejackie@example.org
Allison Roberts,parksbrandon@example.org
Jackson Suarez,markburns@example.com
Edward Lynch,greenelijah@example.org
David Henderson,reyesjanet@example.net
Brian Kim,mary86@example.com
Elizabeth Morgan,andersongregory@example.com
Tami Montes,blackstefanie@example.org
Christopher Burnett,fvega@example.net
Tracy Matthews,daniel28@example.org
Timothy King,angelalawson@example.net
Brittney Hernandez,michael19@example.com
Karl Mack,xhenson@example.net
Michelle Gross,kenneth57@example.org
Robert Adams MD,dhenderson@example.com
Tiffany Benjamin,kdavis@example.com
Lauren Rosales,kadams@example.net
Joshua Rojas,elee@example.org
Matthew Simpson,mary33@example.net
Jennifer Mullen,jessica00@example.org
Kristen Jackson,qibarra@example.org
Heather Bradshaw,ashley45@example.org
Brian Walker,pclark@example.net
Travis Pena,riverascott@example.org
Marissa Solomon,johnmills@example.org
Brian Crawford,johnsonlinda@example.org
Joe Kerr,umcneil@example.net
Roger Smith,probinson@example.org
Theodore Sanders,marshmark@example.org
David Diaz,nicholasgarcia@example.com
Gerald Estrada,reynoldschristopher@example.org
Alexander Edwards,rachellewis@example.net
Samantha Gomez,katrina59@example.org
Lori Wood DDS,palmermichelle@example.com
George Fry,paul04@example.org
Connor Myers,davilaeric@example.org
Justin Rubio,kelseyhammond@example.com
Kirsten Wilson,mark95@example.net
Javier Smith,btaylor@example.org
Lisa Robinson,newmanrenee@example.org
Christopher Baker,cchase@example.org
Charles Paul,hmorgan@example.org
James Davis,tatedonna@example.net
Brandon Mullins,alexis56@example.org
Kevin Chavez,dwood@example.org
David Simpson,hharrison@example.org
Christopher Eaton,douglas98@example.com
Seth Williams,lthompson@example.org
Andrew Brown,edwardcisneros@example.com
Thomas Lester,travis85@example.org
Robert Meyers,kellybrent@example.com
Cheryl Martinez,icaldwell@example.org
James Whitehead II,danielross@example.net
Jason Castillo,erios@example.org
Brandi Charles,austinstewart@example.com
Ashley Nguyen,phernandez@example.org
Casey Gibson,michaelking@example.org
Sharon Estes,katelynho@example.org
Kimberly Johnson,connerlonnie@example.net
Michael Lewis,tracy51@example.net
James Hamilton,jessicaanderson@example.com
Mary Wright,luisgarcia@example.com
Richard Trujillo,brandonhodge@example.com
James Guzman,dwilliams@example.com
Billy Johnson,richard07@example.net
Ashley Greer,daniel17@example.net
Kathleen Murray,inovak@example.org
Robert Cobb,karenhouston@example.org
Jose Rios,johnsonsharon@example.net
Joshua Fisher,vcontreras@example.net
Denise Jackson,butleramanda@example.org
Karen Barr,umathews@example.net
Steven Cook,kayla58@example.net
Charles Sanchez,hickscharlotte@example.net
Stephanie Brown,aliciabutler@example.com
Julie Contreras,price@example.com
Michelle Smith,lewiskenneth@example.net
April Lopez,normataylor@example.org
Krystal Caldwell,ltate@example.org
Maxwell Thomas,jason05@example.org
Arthur Garcia,devin45@example.net
Robert Hall,smitherin@example.org
Stacy Robinson,brian83@example.org
Bethany Chandler,connie64@example.net
Alexa Jacobs,mendozajeffrey@example.net
Jeremy Howard,kmata@example.com
Fernando Jones,erin88@example.net
Joseph Duffy,hinesanthony@example.net
John Washington,qterry@example.com
Jessica Bell,romerocynthia@example.com
Victor Nielsen,pyoung@example.org
Dawn Benitez,timothy15@example.net
Timothy Gilmore,danielle59@example.com
Brittney Cervantes,genemejia@example.net
Barbara Alexander,ochavez@example.net
Jessica Santiago,michaelcarney@example.org
Catherine Eaton,alicia78@example.com
Christopher Reyes,jsosa@example.com
Seth Deleon,patriciahess@example.com
Courtney Martinez,parkstephanie@example.org
Ann Mcintosh,sgonzalez@example.org
Betty Case,ethompson@example.org
Jeffrey Jenkins,isaacwheeler@example.net
Martin Mccall,rhamilton@example.org
Jesse Wilson,calderoncindy@example.com
Todd Ortiz,creyes@example.net
Holly Li,hannahjones@example.net
Brittany York,shepardcassandra@example.com
Cody Lane,singhheather@example.org
Lisa Jones,charleswebb@example.com
April Kane,alexandriathompson@example.org
Jeffrey Thomas,robertssophia@example.net
Karen Watkins,brittany68@example.org
Patrick Charles,thomasstevens@example.com
Christian Shannon,david13@example.com
Todd Thompson,hebertandrea@example.com
Melissa Barrett,tina82@example.org
Sean Townsend,ynolan@example.net
Stanley Murphy,patricia69@example.com
Nicole Lawrence,comptonkara@example.com
Sheri Kline,avasquez@example.net
Andre Lopez,bretttodd@example.com
Samantha Miller,svelez@example.net
Ann Osborne,james69@example.com
Phillip Rojas,ariana72@example.org
Paul Harris,wallacewilliam@example.net
Ashley Davis,lisadavis@example.net
Anna Harris,dominicpearson@example.com
Denise Ramos,davisjeremy@example.com
Matthew Fuentes,contrerastiffany@example.net
Michael Santiago,briana59@example.net
Tanner Skinner,jjohnson@example.com
Kendra Davis,bkeller@example.net
Leslie Wilson,kristenneal@example.com
Thomas White,guerrerocarrie@example.net
Christopher Jenkins,schaefersheri@example.net
Wayne Branch,laura18@example.org
Alexis Calhoun,james51@example.org
Jennifer Phillips,michael83@example.com
Jeffrey Perez,jenkinssamantha@example.net
Alexander Rodriguez,ydavis@example.com
Trevor Bell,campbellshawn@example.net
Todd Gibson,tylerjohnson@example.org
Leslie Nelson,riveracynthia@example.org
Tiffany Castro,coxjesus@example.org
Kathleen Miranda,zcrawford@example.org
Amy Collier,josephprice@example.org
Kristen Beasley,johnsonmorgan@example.net
George Gomez,willierice@example.org
Brianna Bryant,catherinelynn@example.com
Brian Davila,melissawhitehead@example.org
Kimberly Davis,marshallpatrick@example.com
Alexander Walker,myersjames@example.org
Joshua Griffin,silvajennifer@example.com
Jessica Smith,lindsey25@example.com
Joel Blair,hessbecky@example.net
Dale Morales,nrichardson@example.com
Lori Hicks,donna58@example.com
Alexander Bright,michaelwells@example.com
Sarah Willis,davidfreeman@example.net
Steven Wright,dmclean@example.com
Dr. Holly Johnson DDS,johngillespie@example.net
David Coffey,seaton@example.net
Barbara James,danielpeterson@example.com
Taylor Hammond,hardingcourtney@example.com
Edwin Martinez,carlosortega@example.org
Scott Berry,marquezchad@example.com
Shawn Knapp,sandra63@example.com
Luke Sherman,etyler@example.com
Mrs. Diane Collins,ifuller@example.net
William Wilson,dylandavis@example.com
Brian Miller,lerebecca@example.net
Heather Ortiz,amy41@example.com
Dr. Mario Price,caleb44@example.com
Leah Reid,danielford@example.org
Stephanie Turner,zachary86@example.net
Rebecca Murillo,fhill@example.net
Anna Rice,qthompson@example.org
Kara White,jrobinson@example.com
Natasha Martin,ahill@example.com
Julie Davis,nicholasrodriguez@example.net
Lisa Davis,agreen@example.com
James Ramirez,marissa35@example.net
Joshua Lee,randerson@example.com
Joann Henry,halldawn@example.com
Paul Clark,fdavis@example.com
Ashley Hamilton,yturner@example.net
Samuel Moody,odomjames@example.com
Jessica Bradford,amy45@example.net
James Miller,sandra13@example.com
Olivia Garcia,cherylrich@example.net
Craig Gay,tmarshall@example.net
Paul Pitts,timothy21@example.org
Chris Nolan,rachelsmith@example.net
Ashley Ford,whall@example.net
Jose Morgan,nicolemanning@example.org
Sonya Logan,mark27@example.com
Paul Davis,urivera@example.com
Christine Richardson,dryan@example.org
Julie Fitzgerald,rserrano@example.com
Brianna Wilcox,djones@example.org
Elizabeth Stout,edward94@example.net
Misty Sanchez,amanda06@example.com
Jennifer Banks,aaronmiller@example.net
Allison Dunn,jackierodgers@example.net
Lisa Gonzalez,sbennett@example.net
Mary Holmes,andrewleblanc@example.org
Randy Walker,bennettchristine@example.com
Kirsten Wilson,morrisalyssa@example.com
Catherine King,hartmangary@example.org
Rachael Stewart,valerie19@example.com
William Lawrence,millerjason@example.net
Terri Henderson,markhunter@example.net
Kathryn Brown,ohughes@example.net
Shane Howe,thomastracy@example.net
Brian Mcintyre,zjohnson@example.com
Thomas Smith,zmccann@example.net
John Larson,awright@example.com
Nicholas Berry,hcox@example.org
Christina Porter,chenstephanie@example.net
Renee Lawrence,xkim@example.org
Michael Williams,megan06@example.net
Bonnie Phillips,ymorrow@example.org
Michael Rodgers,clarkwalter@example.com
Heather Mack,ocarlson@example.net
Walter Johnson,andrew29@example.com
Stephanie Ritter,john55@example.net
James Ramirez,spark@example.com
Rachel Madden,cindy64@example.com
Melissa Madden,oadams@example.net
Erin Lopez,mary77@example.com
Kaitlin Mosley,ihernandez@example.com
Ashley Harrison,diazdebra@example.org
Wendy Blevins,theresa84@example.com
Lisa Heath,christopherbailey@example.net
Amanda Travis,louisconrad@example.org
David Robbins,jason18@example.com
Victoria Garcia,whawkins@example.com
Shawna Sparks,douglas28@example.org
Joel Martin,juarezronald@example.net
William Miles II,singram@example.net
Dennis Bennett,harrisonkimberly@example.net
Richard Williams,troy45@example.net
Alejandra Hayes,nleon@example.org
Victor Wagner,mark88@example.com
Rebecca Wilson,grayelizabeth@example.org
Nicole Payne,andersondavid@example.net
Arthur Drake,regina24@example.org
Lydia Castillo,singhcristian@example.org
Mrs. Sarah Jacobson,ellisjonathan@example.net
Brian Anderson,sflores@example.net
Angela Yang,christine38@example.com
Renee Griffin,chenjacob@example.net
Austin Graham,jamesmorgan@example.org
Richard Moore,zpaul@example.org
John Moss,travisalexis@example.net
Ann Schroeder,jakeburns@example.net
Tara Sanchez,aharris@example.com
Amy Nolan,alexmooney@example.org
Sandra Nicholson,ericlin@example.net
Nicholas Carroll,mitchelljoseph@example.net
Nathan Scott,hernandezbrandon@example.org
Amber Dougherty,scotthernandez@example.com
Ann Cunningham,krush@example.org
Deanna Caldwell,wguerra@example.org
Cynthia Morris,jeremy69@example.net
Patrick Mills,amanda90@example.net
Katrina Wright,wagnergarrett@example.com
John Johnson,hwilliams@example.org
Wanda Higgins,zwilson@example.com
Abigail Scott,amysnyder@example.org
Jennifer King,spencerjoshua@example.net
Jacob Wong,wjackson@example.org
Kristin Michael,angelica58@example.org
Christian Randall,ghawkins@example.net
Joel Castaneda,pennyharris@example.net
Cameron Larsen,acook@example.net
Kenneth Rowe,williamswilliam@example.net
John Walsh,tsummers@example.net
Dylan Brown,jesse50@example.com
Erik Galloway,elizabeth07@example.net
Jeffery Martin,ayalamichael@example.org
Joseph Johnson,bbrown@example.com
David Cisneros,janetcooper@example.net
James Adams,kmiller@example.net
Ashley Sanchez,michael65@example.com
Mark Jones,lance57@example.net
Bryan Chapman,parkernicole@example.com
Crystal Hampton,robertmyers@example.net
Robin Black,tonya01@example.com
Jeremy Smith,harmonlisa@example.net
Brent Olson,crystal25@example.com
Ashley Baker,ijones@example.org
Christine Ferguson,brooksjeanette@example.org
Brian Brown,xwalker@example.org
Samuel Hodge,elizabeth24@example.net
Teresa Spencer,charleswells@example.net
Jennifer Larson,maryroberts@example.org
Patrick Lara,tiffany87@example.net
Sean Miller,vcochran@example.net
Michael Griffin,renee71@example.org
Amanda Jones,allenjeffery@example.net
Michael Williams,jameshorne@example.net
Lauren Chung,baileyashley@example.org
Michael Kennedy,rodriguezjamie@example.com
Jesse White,rossjacob@example.net
